Player,Pos,Age,Tm,G,TRB,AST,STL,BLK,TOV,PTS,ALL-STAR
Steven Adams\adamsst01,C,26,OKC,63,9.3,2.3,0.8,1.1,1.5,10.9,0
Bam Adebayo\adebaba01,PF,22,MIA,72,10.2,5.1,1.1,1.3,2.8,15.9,1
LaMarcus Aldridge\aldrila01,C,34,SAS,53,7.4,2.4,0.7,1.6,1.4,18.9,0
Kyle Alexander\alexaky01,C,23,MIA,2,1.5,0,0,0,0.5,1,0
Nickeil Alexander-Walker\alexani01,SG,21,NOP,47,1.8,1.9,0.4,0.2,1.1,5.7,0
Grayson Allen\allengr01,SG,24,MEM,38,2.2,1.4,0.3,0.1,0.9,8.7,0
Jarrett Allen\allenja01,C,21,BRK,70,9.6,1.6,0.6,1.3,1.1,11.1,0
Kadeem Allen\allenka01,PG,27,NYK,10,0.9,2.1,0.5,0.2,0.8,5,0
Al-Farouq Aminu\aminual01,PF,29,ORL,18,4.8,1.2,1,0.4,0.9,4.3,0
Justin Anderson\anderju01,SG,26,BRK,10,2.1,0.8,0,0.6,0.4,2.8,0
Kyle Anderson\anderky01,SF,26,MEM,67,4.3,2.4,0.8,0.6,1,5.8,0
Ryan Anderson\anderry01,C,31,HOU,2,3.5,1,0.5,0,0.5,2.5,0
Giannis Antetokounmpo\antetgi01,PF,25,MIL,63,13.6,5.6,1,1,3.7,29.5,1
Kostas Antetokounmpo\antetko01,PF,22,LAL,5,0.6,0.4,0,0,0.2,1.4,0
Thanasis Antetokounmpo\antetth01,SF,27,MIL,20,1.2,0.8,0.4,0.1,0.6,2.8,0
Carmelo Anthony\anthoca01,PF,35,POR,58,6.3,1.5,0.8,0.5,1.7,15.4,0
OG Anunoby\anunoog01,SF,22,TOR,69,5.3,1.6,1.4,0.7,1.1,10.6,0
Ryan Arcidiacono\arcidry01,PG,25,CHI,58,1.9,1.7,0.5,0.1,0.6,4.5,0
Trevor Ariza\arizatr01,SF,34,TOT,53,4.6,1.7,1.3,0.3,1.1,8,0
Trevor Ariza\arizatr01,SF,34,SAC,32,4.6,1.6,1.1,0.2,0.9,6,0
Trevor Ariza\arizatr01,SF,34,POR,21,4.8,2,1.6,0.4,1.3,11,0
D.J. Augustin\augusdj01,PG,32,ORL,57,2.1,4.6,0.6,0,1.5,10.5,0
Deandre Ayton\aytonde01,C,21,PHO,38,11.5,1.9,0.7,1.5,2.1,18.2,0
Dwayne Bacon\bacondw01,SG,24,CHO,39,2.6,1.3,0.6,0.1,0.9,5.7,0
Marvin Bagley III\baglema01,C,20,SAC,13,7.5,0.8,0.5,0.9,1.4,14.2,0
Lonzo Ball\balllo01,PG,22,NOP,63,6.1,7,1.4,0.6,3.1,11.8,0
Mo Bamba\bambamo01,C,21,ORL,62,4.9,0.7,0.4,1.4,0.7,5.4,0
J.J. Barea\bareajo01,PG,35,DAL,29,1.8,3.9,0.2,0.1,1.3,7.7,0
Harrison Barnes\barneha02,PF,27,SAC,72,4.9,2.2,0.6,0.2,1.2,14.5,0
RJ Barrett\barrerj01,SG,19,NYK,56,5,2.6,1,0.3,2.2,14.3,0
Will Barton\bartowi01,SF,29,DEN,58,6.3,3.7,1.1,0.5,1.5,15.1,0
Keita Bates-Diop\bateske01,PF-SF,24,TOT,44,2.9,0.7,0.4,0.5,0.4,6.5,0
Keita Bates-Diop\bateske01,PF,24,MIN,37,3,0.8,0.5,0.5,0.4,6.8,0
Keita Bates-Diop\bateske01,SF,24,DEN,7,2.4,0,0.3,0.6,0.4,5.3,0
Nicolas Batum\batumni01,SF,31,CHO,22,4.5,3,0.8,0.4,1,3.6,0
Aron Baynes\baynear01,C,33,PHO,42,5.6,1.6,0.2,0.5,1.2,11.5,0
Kent Bazemore\bazemke01,SF,30,TOT,68,4.3,1.4,1.1,0.6,1.3,8.8,0
Kent Bazemore\bazemke01,SF,30,POR,43,4,1.4,1,0.7,1.4,7.9,0
Kent Bazemore\bazemke01,SF,30,SAC,25,4.9,1.3,1.2,0.4,1.2,10.3,0
Darius Bazley\bazleda01,PF,19,OKC,61,4,0.7,0.4,0.7,0.7,5.6,0
Bradley Beal\bealbr01,SG,26,WAS,57,4.2,6.1,1.2,0.4,3.4,30.5,0
Malik Beasley\beaslma01,SG,23,TOT,55,2.7,1.4,0.7,0.1,1,11.2,0
Malik Beasley\beaslma01,SG,23,DEN,41,1.9,1.2,0.8,0.1,0.9,7.9,0
Malik Beasley\beaslma01,SG,23,MIN,14,5.1,1.9,0.6,0.1,1.5,20.7,0
Marco Belinelli\belinma01,SG,33,SAS,57,1.7,1.2,0.2,0,0.3,6.3,0
Jordan Bell\belljo01,C,25,TOT,29,2.8,0.6,0.1,0.3,0.7,3.2,0
Jordan Bell\belljo01,C,25,MIN,27,2.9,0.5,0.1,0.4,0.7,3.1,0
Jordan Bell\belljo01,C,25,MEM,2,1.5,1,0.5,0,1.5,5,0
DeAndre' Bembry\bembrde01,SG,25,ATL,43,3.5,1.9,1.3,0.4,1.4,5.8,0
Dragan Bender\bendedr01,PF-C,22,TOT,16,4.6,1.8,0.3,0.6,1.3,6.7,0
Dragan Bender\bendedr01,C,22,MIL,7,2.9,1.3,0,0.7,0.7,3.7,0
Dragan Bender\bendedr01,PF,22,GSW,9,5.9,2.1,0.4,0.4,1.8,9,0
Dāvis Bertāns\bertada01,PF,27,WAS,54,4.5,1.7,0.7,0.6,1.1,15.4,0
Patrick Beverley\beverpa01,PG,31,LAC,51,5.2,3.6,1.1,0.5,1.3,7.9,0
Khem Birch\birchkh01,C,27,ORL,48,4.6,1,0.4,0.5,0.6,4.4,0
Goga Bitadze\bitadgo01,C,20,IND,54,2,0.4,0.2,0.7,0.5,3.2,0
Bismack Biyombo\biyombi01,C,27,CHO,53,5.8,0.9,0.2,0.9,0.9,7.4,0
Nemanja Bjelica\bjeline01,PF,31,SAC,72,6.4,2.8,0.9,0.6,1.4,11.5,0
Eric Bledsoe\bledser01,PG,30,MIL,61,4.6,5.4,0.9,0.4,2.4,14.9,0
Bogdan Bogdanovic\bogdabo01,SG,27,SAC,61,3.4,3.4,1,0.2,1.7,15.1,0
Bojan Bogdanovic\bogdabo02,SF,30,UTA,63,4.1,2.1,0.5,0.1,2.5,20.2,0
Bol Bol\bolbo01,PF,20,DEN,7,2.7,0.9,0.3,0.9,1.4,5.7,0
Jonah Bolden\boldejo01,C,24,TOT,7,1.3,0,0.4,0.3,0.3,1.4,0
Jonah Bolden\boldejo01,C,24,PHI,4,0.3,0,0.3,0,0.5,1,0
Jonah Bolden\boldejo01,C,24,PHO,3,2.7,0,0.7,0.7,0,2,0
Marques Bolden\boldema01,C,21,CLE,1,2,0,1,0,0,0,0
Jordan Bone\bonejo01,PG,22,DET,10,0.4,0.8,0.1,0,0.2,1.2,0
Isaac Bonga\bongais01,SF,20,WAS,66,3.4,1.2,0.7,0.3,0.9,5,0
Devin Booker\bookede01,SG,23,PHO,70,4.2,6.5,0.7,0.3,3.8,26.6,1
Chris Boucher\bouchch01,C,27,TOR,62,4.5,0.4,0.4,1,0.5,6.6,0
Brian Bowen\bowenbr02,SF,21,IND,6,1.2,0,0,0.2,0.2,1,0
Ky Bowman\bowmaky01,PG,22,GSW,45,2.7,2.9,1,0.2,1.6,7.4,0
Avery Bradley\bradlav01,SG,29,LAL,49,2.3,1.3,0.9,0.1,1,8.6,0
Tony Bradley\bradlto01,C,22,UTA,58,4.6,0.4,0.2,0.6,0.5,4.9,0
Jarrell Brantley\brantja01,PF,23,UTA,9,2.2,1.2,0.3,0.6,0.8,2.7,0
Ignas Brazdeikis\brazdig01,SF,21,NYK,9,0.6,0.4,0,0.1,0.2,1.9,0
Corey Brewer\breweco01,PF,33,SAC,5,1.6,0.4,0.8,0,0.4,1,0
Mikal Bridges\bridgmi01,SF,23,PHO,73,4,1.8,1.4,0.6,1,9.1,0
Miles Bridges\bridgmi02,SF,21,CHO,65,5.6,1.8,0.6,0.7,1.5,13,0
Oshae Brissett\brissos01,SF,21,TOR,19,1.4,0.4,0.2,0.1,0.4,1.9,0
Ryan Broekhoff\broekry01,SF,29,DAL,17,2.5,0.6,0.3,0.2,0.4,4.2,0
Malcolm Brogdon\brogdma01,PG,27,IND,54,4.9,7.1,0.6,0.2,2.4,16.5,0
Dillon Brooks\brookdi01,SG,24,MEM,73,3.3,2.1,0.9,0.4,1.7,16.2,0
Bruce Brown\brownbr01,PG,23,DET,58,4.7,4,1.1,0.5,1.7,8.9,0
Charlie Brown\brownch02,SG,22,ATL,10,0.4,0.2,0.2,0.2,0.3,2,0
Jaylen Brown\brownja02,SG,23,BOS,57,6.4,2.1,1.1,0.4,2.2,20.3,0
Moses Brown\brownmo01,C,20,POR,9,1.6,0.1,0.1,0.1,0.3,1.2,0
Sterling Brown\brownst02,SF,24,MIL,52,3.5,1,0.6,0.1,0.8,5.1,0
Troy Brown Jr.\browntr01,SF,20,WAS,69,5.6,2.6,1.2,0.1,1.1,10.4,0
Jalen Brunson\brunsja01,PG,23,DAL,57,2.4,3.3,0.4,0.1,1.2,8.2,0
Thomas Bryant\bryanth01,C,22,WAS,46,7.2,1.8,0.5,1.1,1.2,13.2,0
Reggie Bullock\bullore01,SG,28,NYK,29,2.3,1.4,0.9,0.1,0.7,8.1,0
Trey Burke\burketr01,PG,27,TOT,33,1.5,2.5,0.5,0.1,0.6,7.4,0
Trey Burke\burketr01,PG,27,PHI,25,1.4,2.1,0.3,0,0.5,5.9,0
Trey Burke\burketr01,PG,27,DAL,8,1.9,3.8,1.1,0.1,1.1,12,0
Alec Burks\burksal01,SF-SG,28,TOT,66,4.3,2.9,0.9,0.3,1.4,15,0
Alec Burks\burksal01,SF,28,GSW,48,4.7,3.1,1,0.4,1.6,16.1,0
Alec Burks\burksal01,SG,28,PHI,18,3.1,2.1,0.7,0,0.8,12.2,0
Deonte Burton\burtode02,SF,26,OKC,39,1.5,0.4,0.2,0.3,0.5,2.7,0
Jimmy Butler\butleji01,SF,30,MIA,58,6.7,6,1.8,0.6,2.2,19.9,1
Bruno Caboclo\cabocbr01,C,24,TOT,30,2,0.4,0.5,0.6,0.4,3,0
Bruno Caboclo\cabocbr01,C,24,MEM,22,2,0.5,0.5,0.5,0.3,2.8,0
Bruno Caboclo\cabocbr01,C,24,HOU,8,2,0.3,0.6,0.6,0.8,3.5,0
Devontae Cacok\cacokde01,C,23,LAL,1,5,1,0,0,0,6,0
Kentavious Caldwell-Pope\caldwke01,SG,26,LAL,69,2.1,1.6,0.8,0.2,0.9,9.3,0
Vlatko Čančar\cancavl01,PF,22,DEN,14,0.7,0.2,0.1,0.1,0.2,1.2,0
Clint Capela\capelca01,C,25,HOU,39,13.8,1.2,0.8,1.8,1.6,13.9,0
DeMarre Carroll\carrode01,SF-C,33,TOT,24,2.3,1,0.3,0.2,0.7,3.6,0
DeMarre Carroll\carrode01,SF,33,SAS,15,2.1,0.7,0.1,0.1,0.7,2.2,0
DeMarre Carroll\carrode01,C,33,HOU,9,2.7,1.6,0.7,0.3,0.8,6,0
Jevon Carter\carteje01,PG,24,PHO,58,2,1.4,0.8,0.3,0.6,4.9,0
Vince Carter\cartevi01,PF,43,ATL,60,2.1,0.8,0.4,0.4,0.6,5,0
Wendell Carter Jr.\cartewe01,C,20,CHI,43,9.4,1.2,0.8,0.8,1.7,11.3,0
Michael Carter-Williams\cartemi01,SG,28,ORL,45,3.3,2.4,1.1,0.5,1.2,7.2,0
Alex Caruso\carusal01,PG,25,LAL,64,1.9,1.9,1.1,0.3,0.8,5.5,0
Willie Cauley-Stein\caulewi01,C,26,TOT,54,5.8,1.3,0.9,1.1,0.7,7.2,0
Willie Cauley-Stein\caulewi01,C,26,GSW,41,6.2,1.5,1.1,1.2,0.9,7.9,0
Willie Cauley-Stein\caulewi01,C,26,DAL,13,4.6,0.8,0.3,0.8,0.4,5.2,0
Tyson Chandler\chandty01,C,37,HOU,26,2.5,0.2,0.2,0.3,0.3,1.3,0
Wilson Chandler\chandwi01,PF,32,BRK,35,4.1,1.1,0.5,0.3,1,5.9,0
Joe Chealey\chealjo01,PG,24,CHO,4,0,0.3,1,0,0.5,0.5,0
Zylan Cheatham\cheatzy01,PF,24,NOP,4,2.3,0.8,0.3,0.3,1,3,0
Chris Chiozza\chiozch01,PG,24,TOT,28,1.9,3,0.8,0.1,1.1,5.1,0
Chris Chiozza\chiozch01,PG,24,WAS,10,1.5,2.8,1,0.2,0.9,2.7,0
Chris Chiozza\chiozch01,PG,24,BRK,18,2.1,3.1,0.6,0.1,1.3,6.4,0
Marquese Chriss\chrisma01,PF,22,GSW,59,6.2,1.9,0.7,1.1,1.3,9.3,0
Gary Clark\clarkga01,SF-PF,25,TOT,42,2.6,0.4,0.1,0.5,0.2,3.7,0
Gary Clark\clarkga01,PF,25,HOU,18,2.2,0.7,0.1,0.4,0.1,3.9,0
Gary Clark\clarkga01,SF,25,ORL,24,2.9,0.2,0.2,0.6,0.3,3.6,0
Brandon Clarke\clarkbr01,PF,23,MEM,58,5.9,1.4,0.6,0.8,0.9,12.1,0
Jordan Clarkson\clarkjo01,SG,27,TOT,71,2.6,1.9,0.6,0.2,1.4,15.2,0
Jordan Clarkson\clarkjo01,SG,27,CLE,29,2.4,2.4,0.6,0.3,1.3,14.6,0
Jordan Clarkson\clarkjo01,SG,27,UTA,42,2.8,1.6,0.7,0.2,1.4,15.6,0
Nicolas Claxton\claxtni01,C,20,BRK,15,2.9,1.1,0.1,0.5,0.6,4.4,0
Chris Clemons\clemoch01,SG,22,HOU,33,0.9,0.8,0.3,0.2,0.6,4.9,0
Antonius Cleveland\clevean01,SG,25,DAL,11,0.6,0.1,0.1,0.3,0.2,1,0
Amir Coffey\coffeam01,SG,22,LAC,18,0.9,0.8,0.3,0.1,0.4,3.2,0
John Collins\collijo01,PF,22,ATL,41,10.1,1.5,0.8,1.6,1.8,21.6,0
Zach Collins\colliza01,PF,22,POR,11,6.3,1.5,0.5,0.5,1.3,7,0
Mike Conley\conlemi01,PG,32,UTA,47,3.2,4.4,0.8,0.1,2,14.4,0
Pat Connaughton\connapa01,SG,27,MIL,67,4.2,1.6,0.4,0.5,0.8,5.4,0
Quinn Cook\cookqu01,PG,26,LAL,44,1.2,1.1,0.3,0,0.8,5.1,0
Tyler Cook\cookty01,PF-SF,22,TOT,13,1.1,0.1,0.2,0,0.2,1.8,0
Tyler Cook\cookty01,PF,22,CLE,11,0.9,0.1,0.1,0,0.1,1.7,0
Tyler Cook\cookty01,SF,22,DEN,2,2,0,1,0,1,2,0
Robert Covington\covinro01,PF-C,29,TOT,70,6.6,1.3,1.6,1.3,1.5,12.4,0
Robert Covington\covinro01,PF,29,MIN,48,6,1.2,1.7,0.9,1.5,12.8,0
Robert Covington\covinro01,C,29,HOU,22,8,1.5,1.6,2.2,1.4,11.6,0
Allen Crabbe\crabbal01,SG-SF,27,TOT,37,2.1,0.9,0.4,0.1,0.5,4.6,0
Allen Crabbe\crabbal01,SG,27,ATL,28,2.3,1,0.5,0.1,0.4,5.1,0
Allen Crabbe\crabbal01,SF,27,MIN,9,1.3,0.6,0,0,0.6,3.2,0
Torrey Craig\craigto01,SF,29,DEN,58,3.3,0.8,0.4,0.6,0.4,5.4,0
Jamal Crawford\crawfja01,SG,39,BRK,1,0,3,0,0,0,5,0
Jae Crowder\crowdja01,SF-PF,29,TOT,65,5.9,2.5,1.1,0.4,1.1,10.5,0
Jae Crowder\crowdja01,SF,29,MEM,45,6.2,2.8,1,0.3,1.2,9.9,0
Jae Crowder\crowdja01,PF,29,MIA,20,5.4,1.8,1.3,0.5,0.8,11.9,0
Jarrett Culver\culveja01,SG,20,MIN,63,3.4,1.7,0.9,0.6,1.3,9.2,0
Seth Curry\curryse01,SG,29,DAL,64,2.3,1.9,0.6,0.1,1,12.4,0
Stephen Curry\curryst01,PG,31,GSW,5,5.2,6.6,1,0.4,3.2,20.8,0
Troy Daniels\danietr01,SG,28,TOT,47,1.1,0.4,0.2,0.1,0.3,4.3,0
Troy Daniels\danietr01,SG,28,LAL,41,1.1,0.3,0.2,0.1,0.2,4.2,0
Troy Daniels\danietr01,SG,28,DEN,6,1,0.5,0.5,0,0.5,4.3,0
Anthony Davis\davisan02,PF,26,LAL,62,9.3,3.2,1.5,2.3,2.5,26.1,1
Ed Davis\davised01,C,30,UTA,28,3.8,0.4,0.4,0.3,0.5,1.8,0
Terence Davis\daviste02,SG,22,TOR,72,3.3,1.6,0.5,0.2,1.1,7.5,0
Dewayne Dedmon\dedmode01,C,30,TOT,44,5.7,0.5,0.6,0.9,1.3,5.8,0
Dewayne Dedmon\dedmode01,C,30,SAC,34,4.9,0.4,0.4,0.8,1.4,5.1,0
Dewayne Dedmon\dedmode01,C,30,ATL,10,8.2,0.7,1,1.5,1,8.1,0
Matthew Dellavedova\dellama01,PG,29,CLE,57,1.3,3.2,0.4,0,1,3.1,0
DeMar DeRozan\derozde01,SF,30,SAS,68,5.5,5.6,1,0.3,2.4,22.1,0
Cheick Diallo\diallch01,C,23,PHO,47,2.8,0.5,0.2,0.3,0.7,4.7,0
Hamidou Diallo\diallha01,SF,21,OKC,46,3.6,0.8,0.8,0.2,1.1,6.9,0
Gorgui Dieng\dienggo01,C,30,TOT,63,5.6,1.2,0.8,0.9,1,7.4,0
Gorgui Dieng\dienggo01,C,30,MIN,46,5.6,1.3,0.8,0.9,1,7.4,0
Gorgui Dieng\dienggo01,C,30,MEM,17,5.8,0.9,0.8,1,0.9,7.2,0
Spencer Dinwiddie\dinwisp01,PG,26,BRK,64,3.5,6.8,0.6,0.3,2.7,20.6,0
Donte DiVincenzo\divindo01,SG,23,MIL,66,4.8,2.3,1.3,0.3,1.4,9.2,0
Luka Doncic\doncilu01,PG,20,DAL,61,9.4,8.8,1,0.2,4.3,28.8,1
Luguentz Dort\dortlu01,SF,20,OKC,36,2.3,0.8,0.9,0.1,0.6,6.8,0
Damyean Dotson\dotsoda01,SG,25,NYK,48,1.9,1.2,0.5,0.1,0.4,6.7,0
Sekou Doumbouya\doumbse01,PF,19,DET,38,3.1,0.5,0.5,0.2,0.9,6.4,0
PJ Dozier\doziepj01,SG,23,DEN,29,1.9,2.2,0.5,0.2,0.9,5.8,0
Goran Dragic\dragigo01,PG,33,MIA,59,3.2,5.1,0.7,0.2,2.4,16.2,0
Andre Drummond\drumman01,C,26,TOT,57,15.2,2.7,1.9,1.6,3.6,17.7,0
Andre Drummond\drumman01,C,26,DET,49,15.8,2.8,2,1.7,3.6,17.8,0
Andre Drummond\drumman01,C,26,CLE,8,11.1,1.8,1.5,1.4,3.6,17.5,0
Jared Dudley\dudleja01,PF,34,LAL,45,1.2,0.6,0.3,0.1,0.2,1.5,0
Kris Dunn\dunnkr01,PG,25,CHI,51,3.6,3.4,2,0.3,1.3,7.3,0
Carsen Edwards\edwarca01,SG,21,BOS,37,1.3,0.6,0.3,0.1,0.4,3.3,0
Henry Ellenson\ellenhe01,C,23,BRK,5,1.2,0.2,0,0,0,0.4,0
Wayne Ellington\ellinwa01,SG,32,NYK,36,1.8,1.2,0.4,0.1,0.5,5.1,0
Joel Embiid\embiijo01,C,25,PHI,51,11.6,3,0.9,1.3,3.1,23,1
James Ennis\ennisja01,SF-SG,29,TOT,69,3.6,0.9,0.5,0.3,0.8,6.6,0
James Ennis\ennisja01,SF,29,PHI,49,3.1,0.8,0.5,0.3,0.6,5.8,0
James Ennis\ennisja01,SG,29,ORL,20,4.8,1.1,0.6,0.4,1.4,8.5,0
Drew Eubanks\eubandr01,C,22,SAS,22,3.9,0.7,0.2,0.8,1,4.9,0
Jacob Evans\evansja02,SG,22,TOT,29,1.4,1.1,0.4,0.4,0.9,4.4,0
Jacob Evans\evansja02,SG,22,GSW,27,1.5,1.1,0.4,0.4,0.9,4.7,0
Jacob Evans\evansja02,SG,22,MIN,2,0,0,0,0,0,0,0
Dante Exum\exumda01,SG,24,TOT,35,1.9,1.1,0.4,0.2,0.9,4.5,0
Dante Exum\exumda01,SG,24,UTA,11,1.1,0.6,0.1,0.2,0.9,2.2,0
Dante Exum\exumda01,SG,24,CLE,24,2.3,1.4,0.5,0.3,0.9,5.6,0
Tacko Fall\fallta01,C,24,BOS,7,2.1,0.1,0.1,0.6,0.4,3.3,0
Derrick Favors\favorde01,C,28,NOP,51,9.8,1.6,0.6,0.9,1.1,9,0
Cristiano Felício\feliccr01,C,27,CHI,22,4.6,0.7,0.5,0.1,0.8,3.9,0
Terrance Ferguson\fergute01,SF,21,OKC,56,1.3,0.9,0.5,0.3,0.6,3.9,0
Bruno Fernando\fernabr01,C,21,ATL,56,3.5,0.9,0.3,0.3,0.8,4.3,0
Yogi Ferrell\ferreyo01,PG,26,SAC,50,1,1.4,0.4,0.1,0.6,4.4,0
Dorian Finney-Smith\finnedo01,PF,26,DAL,71,5.7,1.6,0.6,0.5,1,9.5,0
Bryn Forbes\forbebr01,SG,26,SAS,63,2,1.7,0.5,0,0.9,11.2,0
Evan Fournier\fournev01,SF,27,ORL,66,2.6,3.2,1.1,0.2,1.9,18.5,0
De'Aaron Fox\foxde01,PG,22,SAC,51,3.8,6.8,1.5,0.5,3.1,21.1,0
Melvin Frazier\frazime01,SG,23,ORL,19,0.5,0.2,0.5,0.1,0.3,2.1,0
Michael Frazier\frazimi01,SG,25,HOU,13,0.8,0.2,0.2,0,0.4,2.1,0
Tim Frazier\fraziti01,PG,29,DET,27,1.2,3.4,0.5,0.1,1.3,3.6,0
Markelle Fultz\fultzma01,PG,21,ORL,72,3.3,5.1,1.3,0.2,2,12.1,0
Wenyen Gabriel\gabriwe01,PF,22,TOT,30,1.7,0.3,0.4,0.2,0.5,2.1,0
Wenyen Gabriel\gabriwe01,PF,22,SAC,11,0.9,0.3,0.3,0.2,0.5,1.7,0
Wenyen Gabriel\gabriwe01,PF,22,POR,19,2.2,0.3,0.4,0.3,0.6,2.3,0
Daniel Gafford\gaffoda01,C,21,CHI,43,2.5,0.5,0.3,1.3,0.7,5.1,0
Danilo Gallinari\gallida01,PF,31,OKC,62,5.2,1.9,0.7,0.1,1.2,18.7,0
Langston Galloway\gallola01,SG,28,DET,66,2.3,1.5,0.7,0.2,0.6,10.3,0
Darius Garland\garlada01,SG,20,CLE,59,1.9,3.9,0.7,0.1,2.6,12.3,0
Marc Gasol\gasolma01,C,35,TOR,44,6.3,3.3,0.8,0.9,1.3,7.5,0
Rudy Gay\gayru01,PF,33,SAS,67,5.4,1.7,0.5,0.5,1.3,10.8,0
Paul George\georgpa01,SG,29,LAC,48,5.7,3.9,1.4,0.4,2.6,21.5,0
Taj Gibson\gibsota01,C,34,NYK,62,4.3,0.8,0.4,0.5,0.8,6.1,0
Harry Giles\gilesha01,C,21,SAC,46,4.1,1.3,0.5,0.4,1,6.9,0
Shai Gilgeous-Alexander\gilgesh01,SG,21,OKC,70,5.9,3.3,1.1,0.7,1.9,19,0
Rudy Gobert\goberru01,C,27,UTA,68,13.5,1.5,0.8,2,1.9,15.1,1
Brandon Goodwin\goodwbr01,PG,24,ATL,34,2.1,1.5,0.4,0.1,0.9,6.1,0
Aaron Gordon\gordoaa01,PF,24,ORL,62,7.7,3.7,0.8,0.6,1.6,14.4,0
Eric Gordon\gordoer01,SF,31,HOU,36,2,1.5,0.6,0.4,1.2,14.4,0
Devonte' Graham\grahade01,PG,24,CHO,63,3.4,7.5,1,0.2,2.9,18.2,0
Treveon Graham\grahatr01,SF,26,TOT,55,2.7,0.8,0.4,0.1,0.5,4.4,0
Treveon Graham\grahatr01,SF,26,MIN,33,3,0.9,0.5,0.1,0.6,5.2,0
Treveon Graham\grahatr01,SF,26,ATL,22,2.3,0.7,0.3,0.2,0.5,3.3,0
Jerami Grant\grantje01,PF,25,DEN,71,3.5,1.2,0.7,0.8,0.9,12,0
Jerian Grant\grantje02,SG,27,WAS,6,1,1.5,0.2,0.2,0.5,4.5,0
Josh Gray\grayjo01,PG,26,NOP,2,1,1,0,0,2.5,1,0
Danny Green\greenda02,SG,32,LAL,68,3.3,1.3,1.3,0.5,0.9,8,0
Draymond Green\greendr01,PF,29,GSW,43,6.2,6.2,1.4,0.8,2.3,8,0
JaMychal Green\greenja01,PF,29,LAC,63,6.2,0.8,0.5,0.4,0.9,6.8,0
Javonte Green\greenja02,SG,26,BOS,48,1.9,0.5,0.5,0.2,0.5,3.4,0
Jeff Green\greenje02,PF-C,33,TOT,48,2.8,1,0.5,0.4,0.9,9.4,0
Jeff Green\greenje02,PF,33,UTA,30,2.7,0.7,0.4,0.3,0.9,7.8,0
Jeff Green\greenje02,C,33,HOU,18,2.9,1.7,0.8,0.5,0.8,12.2,0
Blake Griffin\griffbl01,PF,30,DET,18,4.7,3.3,0.4,0.4,2.2,15.5,0
Marko Guduric\gudurma01,SG,24,MEM,44,1.7,1,0.3,0.2,0.8,3.9,0
Kyle Guy\guyky01,SG,22,SAC,3,0.3,0.3,0,0,0,1.3,0
Rui Hachimura\hachiru01,PF,21,WAS,48,6.1,1.8,0.8,0.2,1.1,13.5,0
Devon Hall\hallde01,PG,24,OKC,11,0.6,1.2,0.4,0.1,0.5,1.8,0
Donta Hall\halldo01,C-PF,22,TOT,9,4.2,0.4,0.3,0.7,0.6,4.3,0
Donta Hall\halldo01,PF,22,DET,4,3.8,0.5,0.3,0.3,0.5,1.5,0
Donta Hall\halldo01,C,22,BRK,5,4.6,0.4,0.4,1,0.6,6.6,0
Dusty Hannahs\hannadu01,SG,26,MEM,2,0.5,0,0,0,0,6,0
Tim Hardaway Jr.\hardati02,SG,27,DAL,71,3.3,1.9,0.6,0.1,1,15.8,0
James Harden\hardeja01,SG,30,HOU,68,6.6,7.5,1.8,0.9,4.5,34.3,1
Maurice Harkless\harklma01,PF-SF,26,TOT,62,3.9,1.1,0.9,0.5,0.9,5.8,0
Maurice Harkless\harklma01,PF,26,LAC,50,4,1,1,0.6,0.9,5.5,0
Maurice Harkless\harklma01,SF,26,NYK,12,3.3,1.7,0.8,0.3,0.6,6.8,0
Jared Harper\harpeja01,PG,22,PHO,3,0,0,0,0,0,0.7,0
Montrezl Harrell\harremo01,C,26,LAC,63,7.1,1.7,0.6,1.1,1.7,18.6,0
Gary Harris\harriga01,SG,25,DEN,56,2.9,2.1,1.4,0.3,1.1,10.4,0
Joe Harris\harrijo01,SF,28,BRK,69,4.3,2.1,0.6,0.2,1.5,14.5,0
Tobias Harris\harrito02,PF,27,PHI,72,6.9,3.2,0.7,0.6,1.4,19.6,0
Shaquille Harrison\harrish01,SG,26,CHI,43,2,1.1,0.8,0.4,0.4,4.9,0
Josh Hart\hartjo01,SF,24,NOP,65,6.5,1.7,1,0.4,1.2,10.1,0
Isaiah Hartenstein\harteis01,C,21,HOU,23,3.9,0.8,0.4,0.5,0.7,4.7,0
Udonis Haslem\hasleud01,C,39,MIA,4,4,0.3,0,0,0.3,3,0
Jaxson Hayes\hayesja02,C,19,NOP,64,4,0.9,0.4,0.9,0.8,7.4,0
Gordon Hayward\haywago01,SF,29,BOS,52,6.7,4.1,0.7,0.4,1.8,17.5,0
John Henson\hensojo01,C,29,TOT,40,4.1,1.4,0.6,1.1,0.9,5.5,0
John Henson\hensojo01,C,29,CLE,29,3.9,1.5,0.6,1.1,0.7,5,0
John Henson\hensojo01,C,29,DET,11,4.4,1,0.7,0.9,1.4,6.9,0
Dewan Hernandez\hernade01,C,23,TOR,6,2.3,0.5,0.2,0,0.5,2.3,0
Juan Hernangómez\hernaju01,PF,24,TOT,48,4.1,0.8,0.4,0.2,0.7,6,0
Juan Hernangómez\hernaju01,PF,24,DEN,34,2.8,0.6,0.1,0.1,0.5,3.1,0
Juan Hernangómez\hernaju01,PF,24,MIN,14,7.3,1.3,1,0.3,1,12.9,0
Willy Hernangómez\hernawi01,C,25,CHO,31,4.3,0.9,0.3,0.2,1,6.1,0
Tyler Herro\herroty01,SG,20,MIA,55,4.1,2.2,0.6,0.2,1.6,13.5,0
Kevin Hervey\herveke01,PF,23,OKC,10,1.2,0.5,0.1,0.1,0,1.7,0
Mario Hezonja\hezonma01,PF,24,POR,53,3.5,0.9,0.7,0.2,0.8,4.8,0
Buddy Hield\hieldbu01,SG,27,SAC,72,4.6,3,0.9,0.2,2.3,19.2,0
George Hill\hillge01,PG,33,MIL,59,3,3.1,0.8,0.1,1,9.4,0
Solomon Hill\hillso01,PF,28,TOT,59,2.8,1.8,0.7,0.2,0.9,5.5,0
Solomon Hill\hillso01,PF,28,MEM,48,3,2,0.6,0.1,0.8,5.7,0
Solomon Hill\hillso01,PF,28,MIA,11,1.9,0.9,1.1,0.5,1,4.5,0
Jaylen Hoard\hoardja01,PF,20,POR,13,2.5,0.3,0.4,0,0.3,2.9,0
Aaron Holiday\holidaa01,PG,23,IND,66,2.4,3.4,0.8,0.2,1.3,9.5,0
Jrue Holiday\holidjr01,SG,29,NOP,61,4.8,6.7,1.6,0.8,3,19.1,0
Justin Holiday\holidju01,SF,30,IND,73,3.3,1.3,1.2,0.6,0.6,8.3,0
Rondae Hollis-Jefferson\holliro01,PF,25,TOR,60,4.7,1.8,0.8,0.4,1,7,0
Richaun Holmes\holmeri01,C,26,SAC,44,8.1,1,0.9,1.3,1.2,12.3,0
Rodney Hood\hoodro01,SF,27,POR,21,3.4,1.5,0.8,0.2,0.9,11,0
Al Horford\horfoal01,C,33,PHI,67,6.8,4,0.8,0.9,1.2,11.9,0
Talen Horton-Tucker\hortota01,SG,19,LAL,6,1.2,1,1.3,0.2,1,5.7,0
Danuel House\houseda01,SF,26,HOU,63,4.2,1.3,1.1,0.5,0.9,10.5,0
Dwight Howard\howardw01,C,34,LAL,69,7.3,0.7,0.4,1.1,1.2,7.5,0
William Howard\howarwi01,PF,26,HOU,2,1,0.5,0,0,0.5,0,0
Kevin Huerter\huertke01,SG,21,ATL,56,4.1,3.8,0.9,0.5,1.6,12.2,0
De'Andre Hunter\huntede01,SF,22,ATL,63,4.5,1.8,0.7,0.3,1.6,12.3,0
Chandler Hutchison\hutchch01,SF,23,CHI,28,3.9,0.9,1,0.3,1,7.8,0
Serge Ibaka\ibakase01,C,30,TOR,55,8.2,1.4,0.5,0.8,2,15.4,0
Andre Iguodala\iguodan01,SF,36,MIA,21,3.7,2.4,0.7,1,1.2,4.6,0
Ersan İlyasova\ilyaser01,PF,32,MIL,63,4.8,0.8,0.4,0.3,0.5,6.6,0
Joe Ingles\inglejo01,PF,32,UTA,72,3.9,5.2,0.9,0.2,2,9.8,0
Brandon Ingram\ingrabr01,PF,22,NOP,62,6.1,4.2,1,0.6,3,23.8,1
Kyrie Irving\irvinky01,PG,27,BRK,20,5.2,6.4,1.4,0.5,2.6,27.4,0
Jonathan Isaac\isaacjo01,PF,22,ORL,34,6.8,1.4,1.6,2.3,1.4,11.9,0
Wesley Iwundu\iwundwe01,SF,25,ORL,52,2.5,1.2,0.5,0.3,0.5,5.8,0
Frank Jackson\jacksfr01,PG,21,NOP,59,1.4,1,0.3,0.1,0.8,6.3,0
Jaren Jackson Jr.\jacksja02,C,20,MEM,57,4.6,1.4,0.7,1.6,1.7,17.4,0
Josh Jackson\jacksjo02,SF,22,MEM,22,3,1.6,0.8,0.4,1.3,9,0
Justin Jackson\jacksju01,PF,24,DAL,65,2.4,0.8,0.2,0.2,0.2,5.5,0
Reggie Jackson\jacksre01,SG-PG,29,TOT,31,3,4.1,0.4,0.2,1.6,11.9,0
Reggie Jackson\jacksre01,PG,29,DET,14,2.9,5.1,0.6,0.1,1.6,14.9,0
Reggie Jackson\jacksre01,SG,29,LAC,17,3,3.2,0.3,0.2,1.6,9.5,0
Justin James\jamesju01,SF,23,SAC,36,0.9,0.5,0.2,0.3,0.2,2.5,0
LeBron James\jamesle01,PG,35,LAL,67,7.8,10.2,1.2,0.5,3.9,25.3,1
Amile Jefferson\jeffeam01,PF,26,ORL,18,1.3,0.2,0.1,0.2,0.2,0.8,0
DaQuan Jeffries\jeffrda01,SG,22,SAC,13,1.4,0.5,0.3,0.1,0.2,3.8,0
Ty Jerome\jeromty01,SG,22,PHO,31,1.5,1.4,0.5,0.1,0.6,3.3,0
Alize Johnson\johnsal02,PF,23,IND,17,2.8,0.4,0.2,0.1,0.4,2,0
B.J. Johnson\johnsbj01,SF,24,ORL,10,1.5,0.3,0.3,0,0.6,3,0
Cameron Johnson\johnsca02,PF,23,PHO,57,3.3,1.2,0.6,0.4,0.6,8.8,0
James Johnson\johnsja01,PF-C,32,TOT,32,3.7,2.3,0.8,1,1.5,8.4,0
James Johnson\johnsja01,PF,32,MIA,18,2.9,1.2,0.3,0.7,0.8,5.7,0
James Johnson\johnsja01,C,32,MIN,14,4.7,3.8,1.4,1.4,2.4,12,0
Keldon Johnson\johnske04,SF,20,SAS,17,3.4,0.9,0.8,0.1,0.8,9.1,0
Stanley Johnson\johnsst04,PF,23,TOR,25,1.5,0.8,0.2,0.2,0.6,2.4,0
Tyler Johnson\johnsty01,PG-SG,27,TOT,39,1.9,1.9,0.4,0.2,0.7,7,0
Tyler Johnson\johnsty01,PG,27,PHO,31,1.7,1.6,0.4,0.3,0.8,5.7,0
Tyler Johnson\johnsty01,SG,27,BRK,8,3,3,0.5,0.1,0.6,12,0
Nikola Jokic\jokicni01,C,24,DEN,73,9.7,7,1.2,0.6,3.1,19.9,1
Damian Jones\jonesda03,C,24,ATL,55,3.7,0.6,0.5,0.7,0.5,5.6,0
Derrick Jones Jr.\jonesde02,SF,22,MIA,59,3.9,1.1,1,0.6,0.5,8.5,0
Tyus Jones\jonesty01,PG,23,MEM,65,1.6,4.4,0.9,0.1,0.8,7.4,0
DeAndre Jordan\jordade01,C,31,BRK,56,10,1.9,0.3,0.9,1.3,8.3,0
Cory Joseph\josepco01,PG,28,SAC,72,2.6,3.5,0.7,0.3,1.1,6.4,0
Mfiondu Kabengele\kabenmf01,C,22,LAC,12,0.9,0.2,0.2,0.2,0.2,3.5,0
Frank Kaminsky\kaminfr01,C,26,PHO,39,4.5,1.9,0.4,0.3,0.9,9.7,0
Enes Kanter\kanteen01,C,27,BOS,58,7.4,1,0.4,0.7,1,8.1,0
Luke Kennard\kennalu01,SG,23,DET,28,3.5,4.1,0.4,0.2,1.5,15.8,0
Stanton Kidd\kiddst01,SG,27,UTA,4,0.8,0.3,0,0,0.5,0,0
Michael Kidd-Gilchrist\kiddgmi01,PF,26,TOT,25,2.7,0.6,0.1,0.2,0.6,2.4,0
Michael Kidd-Gilchrist\kiddgmi01,PF,26,CHO,12,2.9,0.8,0,0.3,0.6,4,0
Michael Kidd-Gilchrist\kiddgmi01,PF,26,DAL,13,2.5,0.3,0.2,0.2,0.7,0.9,0
Louis King\kinglo02,SF,20,DET,10,1,0.5,0.2,0,0.2,2,0
Maxi Kleber\klebima01,PF,28,DAL,74,5.2,1.2,0.3,1.1,0.8,9.1,0
Brandon Knight\knighbr03,SG-PG,28,TOT,25,1.6,2.8,0.4,0.1,1.5,7.3,0
Brandon Knight\knighbr03,SG,28,CLE,16,1.3,1.9,0.3,0.1,1,4.9,0
Brandon Knight\knighbr03,PG,28,DET,9,2.3,4.2,0.6,0.1,2.4,11.6,0
Kevin Knox\knoxke01,SF,20,NYK,65,2.8,0.9,0.4,0.4,0.7,6.4,0
John Konchar\konchjo01,SG,23,MEM,19,2.5,1.2,0.4,0.2,0.4,2.8,0
Furkan Korkmaz\korkmfu01,SG,22,PHI,72,2.3,1.1,0.6,0.2,0.8,9.8,0
Luke Kornet\kornelu01,C,24,CHI,36,2.3,0.9,0.3,0.7,0.4,6,0
Kyle Korver\korveky01,SF,38,MIL,58,2.1,1.2,0.4,0.2,0.8,6.7,0
Rodions Kurucs\kurucro01,PF,21,BRK,47,2.9,1.1,0.5,0.1,1,4.6,0
Kyle Kuzma\kuzmaky01,PF,24,LAL,61,4.5,1.3,0.5,0.4,1.5,12.8,0
Skal Labissière\labissk01,C,23,POR,33,5.1,1.3,0.2,0.9,0.9,5.8,0
Jeremy Lamb\lambje01,SG,27,IND,46,4.3,2.1,1.2,0.5,1.1,12.5,0
Romeo Langford\langfro01,SG,20,BOS,32,1.3,0.4,0.3,0.3,0.3,2.5,0
Zach LaVine\lavinza01,SG,24,CHI,60,4.8,4.2,1.5,0.5,3.4,25.5,0
Vic Law\lawvi01,PF,24,ORL,8,1.4,0.4,0.3,0,0.3,1.9,0
Jake Layman\laymaja01,SF,25,MIN,23,2.5,0.7,0.7,0.4,1,9.1,0
T.J. Leaf\leaftj01,PF,22,IND,28,2.5,0.3,0.4,0.1,0.3,3,0
Jalen Lecque\lecquja01,SG,19,PHO,5,0.4,0.4,0,0,0.4,2,0
Courtney Lee\leeco01,SG,34,DAL,24,1.3,0.5,0.8,0.3,0.5,4.5,0
Damion Lee\leeda03,SG,27,GSW,49,4.9,2.7,1,0.1,1.4,12.7,0
Alex Len\lenal01,C,26,TOT,55,5.8,0.9,0.4,0.9,1,8,0
Alex Len\lenal01,C,26,ATL,40,5.8,1.1,0.5,0.8,1,8.7,0
Alex Len\lenal01,C,26,SAC,15,6.1,0.5,0.2,1,1.1,5.9,0
Kawhi Leonard\leonaka01,SF,28,LAC,57,7.1,4.9,1.8,0.6,2.6,27.1,1
Meyers Leonard\leoname01,C,27,MIA,51,5.1,1.1,0.3,0.3,0.8,6.1,0
Caris LeVert\leverca01,SG,25,BRK,45,4.2,4.4,1.2,0.2,2.6,18.7,0
Damian Lillard\lillada01,PG,29,POR,66,4.3,8,1.1,0.3,2.9,30,1
Nassir Little\littlna01,PF,19,POR,48,2.3,0.5,0.3,0.3,0.3,3.6,0
Kevon Looney\looneke01,C,23,GSW,20,3.3,1,0.6,0.3,0.6,3.4,0
Brook Lopez\lopezbr01,C,31,MIL,68,4.6,1.5,0.7,2.4,1,12,0
Robin Lopez\lopezro01,C,31,MIL,66,2.4,0.7,0.2,0.7,1,5.4,0
Kevin Love\loveke01,PF,31,CLE,56,9.8,3.2,0.6,0.3,2.5,17.6,0
Kyle Lowry\lowryky01,PG,33,TOR,58,5,7.5,1.4,0.4,3.1,19.4,1
Timothé Luwawu-Cabarrot\luwawti01,SF,24,BRK,47,2.7,0.6,0.4,0.1,0.8,7.8,0
Trey Lyles\lylestr01,PF,24,SAS,63,5.7,1.1,0.4,0.4,0.6,6.4,0
Daryl Macon\maconda01,PG,24,MIA,4,0,0.3,0,0,0.5,0.8,0
J.P. Macura\macurjp01,SG,24,CLE,1,0,0,0,0,0,0,0
Josh Magette\magetjo01,PG,30,ORL,8,0.8,0.6,0.4,0.1,0.6,1.5,0
Ian Mahinmi\mahinia01,C,33,WAS,38,5.7,1.3,0.8,1.2,1.2,7.4,0
Thon Maker\makerth01,C,22,DET,60,2.8,0.7,0.4,0.7,0.8,4.7,0
Terance Mann\mannte01,SF,23,LAC,41,1.3,1.3,0.3,0.1,0.4,2.4,0
Boban Marjanovic\marjabo01,C,31,DAL,44,4.5,0.5,0.2,0.2,0.7,6.6,0
Lauri Markkanen\markkla01,PF,22,CHI,50,6.3,1.5,0.8,0.5,1.6,14.7,0
Caleb Martin\martica02,SF,24,CHO,18,2.1,1.3,0.7,0.4,0.8,6.2,0
Cody Martin\martico01,SF,24,CHO,48,3.3,2,0.8,0.2,0.9,5,0
Jeremiah Martin\martije02,PG,23,BRK,9,1.1,2,0.8,0.2,0.4,7.1,0
Kelan Martin\martike03,SF,24,MIN,31,3.1,0.7,0.2,0.3,0.6,6.4,0
Frank Mason III\masonfr01,PG,25,MIL,9,2.1,3.2,0.6,0.1,1.2,6.9,0
Garrison Mathews\mathega01,SG,23,WAS,18,1.3,0.6,0.4,0.1,0.4,5.4,0
Wesley Matthews\matthwe02,SG,33,MIL,67,2.5,1.4,0.6,0.1,0.6,7.4,0
Luc Mbah a Moute\mbahalu01,PF,33,HOU,3,0.7,0,0.7,0,0.3,1.7,0
Patrick McCaw\mccawpa01,SF,24,TOR,37,2.3,2.1,1.1,0.1,0.8,4.6,0
CJ McCollum\mccolcj01,SG,28,POR,70,4.2,4.4,0.8,0.6,1.8,22.2,0
T.J. McConnell\mccontj01,PG,27,IND,71,2.7,5,0.8,0.2,1.4,6.5,0
Jalen McDaniels\mcdanja01,SF,22,CHO,16,4.1,0.8,0.5,0.2,0.7,5.6,0
Doug McDermott\mcderdo01,PF,28,IND,69,2.5,1.1,0.2,0.1,0.6,10.3,0
JaVale McGee\mcgeeja01,C,32,LAL,68,5.7,0.5,0.5,1.4,0.8,6.6,0
Rodney McGruder\mcgruro01,SG,28,LAC,56,2.7,0.6,0.5,0.1,0.4,3.3,0
Alfonzo McKinnie\mckinal01,SF,27,CLE,40,2.8,0.4,0.6,0.2,0.7,4.6,0
Jordan McLaughlin\mclaujo01,PG,23,MIN,30,1.6,4.2,1.1,0.1,1,7.6,0
Ben McLemore\mclembe01,SF,26,HOU,71,2.2,0.8,0.6,0.2,0.7,10.1,0
Jordan McRae\mcraejo01,SG,28,TOT,37,3.4,2.5,0.6,0.4,1.2,11.5,0
Jordan McRae\mcraejo01,SG,28,WAS,29,3.6,2.8,0.7,0.5,1.3,12.8,0
Jordan McRae\mcraejo01,SG,28,DEN,4,1.3,1,0.5,0.3,0,2.3,0
Jordan McRae\mcraejo01,SG,28,DET,4,3.8,1.8,0,0,1.3,11.8,0
Nicolò Melli\mellini01,C,29,NOP,60,3,1.4,0.6,0.4,0.8,6.6,0
De'Anthony Melton\meltode01,PG,21,MEM,60,3.7,2.9,1.3,0.3,1.4,7.6,0
Chimezie Metu\metuch01,C,22,SAS,18,1.8,0.6,0.2,0.3,0.6,3.2,0
Khris Middleton\middlkh01,SF,28,MIL,62,6.2,4.3,0.9,0.1,2.2,20.9,1
Eric Mika\mikaer01,C,25,SAC,1,7,0,0,0,0,6,0
C.J. Miles\milescj01,SF,32,WAS,10,1.2,1.2,1,0.4,0.4,6.4,0
Malcolm Miller\millema01,SF,26,TOR,28,0.6,0.4,0.2,0.1,0.1,1.3,0
Patty Mills\millspa02,PG,31,SAS,66,1.6,1.8,0.8,0.1,0.8,11.6,0
Paul Millsap\millspa01,PF,34,DEN,51,5.7,1.6,0.9,0.6,1.4,11.6,0
Shake Milton\miltosh01,SG,23,PHI,40,2.2,2.6,0.5,0.2,1.2,9.4,0
Donovan Mitchell\mitchdo01,SG,23,UTA,69,4.4,4.3,1,0.2,2.7,24,1
Naz Mitrou-Long\mitrona01,SG,26,IND,5,1.4,1.6,0.2,0.2,0.6,2.8,0
Adam Mokoka\mokokad01,SF,21,CHI,11,0.9,0.4,0.4,0,0.2,2.9,0
Malik Monk\monkma01,SG,21,CHO,55,2.9,2.1,0.5,0.3,1.4,10.3,0
Matt Mooney\moonema01,SG,22,CLE,4,0.8,0.3,0.5,0.3,0,0.5,0
E'Twaun Moore\mooreet01,SG,30,NOP,56,2.3,1.4,0.6,0.2,0.7,8.3,0
Ja Morant\moranja01,PG,20,MEM,67,3.9,7.3,0.9,0.3,3.3,17.8,0
Juwan Morgan\morgaju01,PF,22,UTA,21,1.4,0.3,0,0.1,0.3,1.7,0
Marcus Morris\morrima03,SF-PF,30,TOT,62,5,1.4,0.8,0.5,1.6,16.7,0
Marcus Morris\morrima03,SF,30,NYK,43,5.4,1.4,0.8,0.4,1.7,19.6,0
Marcus Morris\morrima03,PF,30,LAC,19,4.1,1.4,0.7,0.7,1.3,10.1,0
Markieff Morris\morrima02,PF,30,TOT,58,3.8,1.3,0.5,0.3,1.3,9.7,0
Markieff Morris\morrima02,PF,30,DET,44,3.9,1.6,0.6,0.3,1.6,11,0
Markieff Morris\morrima02,PF,30,LAL,14,3.2,0.6,0.4,0.4,0.4,5.3,0
Monte Morris\morrimo01,PG,24,DEN,73,1.9,3.5,0.8,0.2,0.7,9,0
Johnathan Motley\motlejo01,PF,24,LAC,13,0.8,0.6,0.2,0,0.4,2.2,0
Emmanuel Mudiay\mudiaem01,PG,23,UTA,54,2.3,2.1,0.4,0.2,1.4,7.3,0
Mychal Mulder\muldemy01,SF,25,GSW,7,3.3,1.1,0.3,0.1,0.7,11,0
Dejounte Murray\murrade01,PG,23,SAS,66,5.8,4.1,1.7,0.3,1.9,10.9,0
Jamal Murray\murraja01,PG,22,DEN,59,4,4.8,1.1,0.3,2.2,18.5,0
Džanan Musa\musadz01,SF,20,BRK,40,2.2,1.1,0.4,0,0.9,4.8,0
Mike Muscala\muscami01,C,28,OKC,47,2.3,0.9,0.2,0.3,0.4,4.8,0
Sviatoslav Mykhailiuk\mykhasv01,SF,22,DET,56,1.9,1.9,0.7,0.1,1.1,9,0
Abdel Nader\naderab01,SF,26,OKC,55,1.8,0.7,0.4,0.4,0.8,6.3,0
Larry Nance Jr.\nancela02,PF,27,CLE,56,7.3,2.2,1,0.4,1.1,10.1,0
Shabazz Napier\napiesh01,PG,28,TOT,56,2.8,4.7,1.2,0.2,2.3,10.3,0
Shabazz Napier\napiesh01,PG,28,MIN,36,3.1,5.2,1.1,0.2,2.1,9.6,0
Shabazz Napier\napiesh01,PG,28,WAS,20,2.4,3.8,1.5,0.2,2.6,11.6,0
Raul Neto\netora01,PG,27,PHI,54,1.1,1.8,0.4,0.1,0.9,5.1,0
Malik Newman\newmama01,SG,22,CLE,1,0,0,0,0,1,2,0
Georges Niang\niangge01,PF,26,UTA,66,1.9,0.7,0.3,0.1,0.5,5.9,0
Joakim Noah\noahjo01,C,34,LAC,5,3.2,1.4,0.2,0.2,1.2,2.8,0
Nerlens Noel\noelne01,C,25,OKC,61,4.9,0.9,1,1.5,1.1,7.4,0
Zach Norvell\norveza01,SG,22,TOT,5,1.2,0.6,0.4,0,0.6,2,0
Zach Norvell\norveza01,SG,22,LAL,2,0.5,0,0,0,0,0,0
Zach Norvell\norveza01,SG,22,GSW,3,1.7,1,0.7,0,1,3.3,0
Jaylen Nowell\nowelja01,SG,20,MIN,15,0.9,1.3,0.2,0.1,0.2,3.8,0
Frank Ntilikina\ntilila01,PG,21,NYK,57,2.1,3,0.9,0.3,1.2,6.3,0
Kendrick Nunn\nunnke01,PG,24,MIA,67,2.7,3.3,0.8,0.2,1.7,15.3,0
Jusuf Nurkic\nurkiju01,C,25,POR,8,10.3,4,1.4,2,2.4,17.6,0
David Nwaba\nwabada01,SG,27,BRK,20,2.3,0.4,0.6,0.6,0.4,5.2,0
Royce O'Neale\onealro01,SF,26,UTA,71,5.5,2.5,0.8,0.5,0.9,6.3,0
Kyle O'Quinn\oquinky01,C,29,PHI,29,4,1.8,0.2,0.8,0.7,3.5,0
Semi Ojeleye\ojelese01,PF,25,BOS,69,2.1,0.5,0.3,0.1,0.3,3.4,0
Jahlil Okafor\okafoja01,C,24,NOP,30,4.2,1.2,0.2,0.7,1.3,8.1,0
Elie Okobo\okoboel01,PG,22,PHO,55,1.6,2.1,0.4,0.1,0.7,4,0
Josh Okogie\okogijo01,SG,21,MIN,62,4.3,1.6,1.1,0.4,1.4,8.6,0
KZ Okpala\okpalkz01,PF,20,MIA,5,1,0.2,0.4,0.2,0.2,1.4,0
Victor Oladipo\oladivi01,SG,27,IND,19,3.9,2.9,0.9,0.2,2.5,14.5,0
Kelly Olynyk\olynyke01,C,28,MIA,67,4.6,1.7,0.7,0.3,1.1,8.2,0
Miye Oni\onimi01,SF,22,UTA,10,1.7,0.4,0.4,0.2,0.4,3.5,0
Cedi Osman\osmande01,SF,24,CLE,65,3.6,2.4,0.8,0.2,1.4,11,0
Kelly Oubre Jr.\oubreke01,SF,24,PHO,56,6.4,1.5,1.3,0.7,1.5,18.7,0
Tariq Owens\owensta01,PF,24,PHO,3,1,0,0.3,0,0,1.3,0
Jeremy Pargo\pargoje01,PG,33,GSW,3,1,2.7,0.3,0,1.3,8.3,0
Jabari Parker\parkeja01,PF,24,TOT,38,5.6,1.8,1.2,0.4,1.7,14,0
Jabari Parker\parkeja01,PF,24,ATL,32,6,1.8,1.3,0.5,1.9,15,0
Jabari Parker\parkeja01,PF,24,SAC,6,3.8,1.7,0.5,0.2,0.7,8.5,0
Chandler Parsons\parsoch01,PF,31,ATL,5,1.4,0.6,0.8,0.2,0.6,2.8,0
Eric Paschall\pascher01,PF,23,GSW,60,4.6,2.1,0.5,0.2,1.6,14,0
Anžejs Pasečņiks\pasecan01,C,24,WAS,27,4,0.7,0.3,0.4,0.9,5.8,0
Patrick Patterson\pattepa01,PF,30,LAC,59,2.6,0.7,0.1,0.1,0.4,4.9,0
Justin Patton\pattoju01,C,22,OKC,5,1,0.4,0,0,0.4,1.8,0
Chris Paul\paulch01,PG,34,OKC,70,5,6.7,1.6,0.2,2.3,17.6,1
Cameron Payne\payneca01,SG,25,PHO,8,3.9,3,1,0.3,1.4,10.9,0
Elfrid Payton\paytoel01,PG,25,NYK,45,4.7,7.2,1.6,0.4,2.1,10,0
Gary Payton II\paytoga02,SF,27,WAS,29,2.8,1.7,1.1,0.2,0.7,3.9,0
Norvel Pelle\pelleno01,C,26,PHI,24,3,0.3,0.1,1.3,0.8,2.4,0
Theo Pinson\pinsoth01,SG,24,BRK,33,1.6,1.7,0.5,0.1,1,3.6,0
Mason Plumlee\plumlma01,C,29,DEN,61,5.2,2.5,0.5,0.6,1.3,7.2,0
Jakob Poeltl\poeltja01,C,24,SAS,66,5.7,1.8,0.6,1.4,0.8,5.6,0
Vincent Poirier\poirivi01,C,26,BOS,22,2,0.4,0.1,0.4,0.4,1.9,0
Shamorie Ponds\pondssh01,PG,21,TOR,4,0.3,0.5,0,0.3,0,2.3,0
Jordan Poole\poolejo01,SG,20,GSW,57,2.1,2.4,0.6,0.2,1.3,8.8,0
Kevin Porter Jr.\porteke02,SF,19,CLE,50,3.2,2.2,0.9,0.3,1.9,10,0
Michael Porter Jr.\portemi01,SF,21,DEN,55,4.7,0.8,0.5,0.5,0.9,9.3,0
Otto Porter\porteot01,SF,26,CHI,14,3.4,1.8,1.1,0.4,0.8,11.9,0
Bobby Portis\portibo01,PF,24,NYK,66,5.1,1.5,0.5,0.3,1.1,10.1,0
Kristaps Porziņģis\porzikr01,C,24,DAL,57,9.5,1.8,0.7,2,1.6,20.4,0
Dwight Powell\poweldw01,C,28,DAL,40,5.7,1.5,0.9,0.6,0.9,9.4,0
Norman Powell\powelno01,SG,26,TOR,52,3.7,1.8,1.2,0.4,1.5,16,0
Taurean Prince\princta02,PF,25,BRK,64,6,1.8,0.9,0.4,2,12.1,0
Chasson Randle\randlch01,PG,26,GSW,3,0.7,1.7,0.7,0,0,1.7,0
Julius Randle\randlju01,PF,25,NYK,64,9.7,3.1,0.8,0.3,3,19.5,0
Josh Reaves\reavejo02,SF,22,DAL,4,0.8,0.8,0,0,0,2,0
Cam Reddish\reddica01,SF,20,ATL,58,3.7,1.5,1.1,0.5,1.7,10.5,0
J.J. Redick\redicjj01,SG,35,NOP,60,2.5,2,0.3,0.2,1.3,15.3,0
Naz Reid\reidna01,C,20,MIN,30,4.1,1.2,0.6,0.7,0.7,9,0
Josh Richardson\richajo01,SG,26,PHI,55,3.2,2.9,0.9,0.7,1.9,13.7,0
Austin Rivers\riverau01,SG,27,HOU,68,2.6,1.7,0.7,0.1,0.7,8.8,0
Andre Roberson\roberan03,SF,28,OKC,7,3.9,0.6,0.1,0.4,0.3,2.9,0
Duncan Robinson\robindu01,SG,25,MIA,73,3.2,1.4,0.5,0.3,1,13.5,0
Glenn Robinson III\robingl02,SF,26,TOT,62,4.4,1.5,0.9,0.3,0.9,11.7,0
Glenn Robinson III\robingl02,SF,26,GSW,48,4.7,1.8,0.9,0.3,1,12.9,0
Glenn Robinson III\robingl02,SF,26,PHI,14,3.1,0.8,0.6,0.1,0.4,7.7,0
Jerome Robinson\robinje01,SG,22,TOT,63,2,1.4,0.4,0.3,0.8,5.1,0
Jerome Robinson\robinje01,SG,22,LAC,42,1.4,1.1,0.3,0.2,0.6,2.9,0
Jerome Robinson\robinje01,SG,22,WAS,21,3.3,2,0.7,0.4,1.1,9.4,0
Justin Robinson\robinju01,PG,22,WAS,9,0.6,0.8,0,0.1,0.3,1.4,0
Mitchell Robinson\robinmi01,C,21,NYK,61,7,0.6,0.9,2,0.6,9.7,0
Isaiah Roby\robyis01,PF,21,OKC,3,0.7,0,0,0,0.3,0,0
Rajon Rondo\rondora01,PG,33,LAL,48,3,5,0.8,0,1.9,7.1,0
Derrick Rose\rosede01,PG,31,DET,50,2.4,5.6,0.8,0.3,2.5,18.1,0
Terrence Ross\rosste01,SG,28,ORL,69,3.2,1.2,1.1,0.3,1,14.7,0
Terry Rozier\roziete01,PG,25,CHO,63,4.4,4.1,1,0.2,2.2,18,0
Ricky Rubio\rubiori01,PG,29,PHO,65,4.7,8.8,1.4,0.2,2.7,13,0
D'Angelo Russell\russeda01,PG,23,TOT,45,3.9,6.3,1.1,0.3,3.3,23.1,0
D'Angelo Russell\russeda01,PG,23,GSW,33,3.7,6.2,0.9,0.3,3.1,23.6,0
D'Angelo Russell\russeda01,PG,23,MIN,12,4.6,6.6,1.4,0.3,3.8,21.7,0
Domantas Sabonis\sabondo01,PF,23,IND,62,12.4,5,0.8,0.5,2.7,18.5,1
Luka Šamanic\samanlu01,PF,20,SAS,3,3.3,2,0,0.7,0.7,5.3,0
JaKarr Sampson\sampsja02,PF,26,IND,34,2.6,0.6,0.5,0.4,0.4,4.6,0
Dario Šaric\saricda01,PF,25,PHO,66,6.2,1.9,0.6,0.2,1.3,10.7,0
Tomáš Satoranský\satorto01,SG,28,CHI,65,3.9,5.4,1.2,0.1,2,9.9,0
Admiral Schofield\schofad01,PF,22,WAS,33,1.4,0.5,0.2,0.1,0.2,3,0
Dennis Schröder\schrode01,SG,26,OKC,65,3.6,4,0.7,0.2,2.6,18.9,0
Mike Scott\scottmi01,PF,31,PHI,68,3.6,0.8,0.3,0.1,0.4,6,0
Thabo Sefolosha\sefolth01,PF,35,HOU,41,2.3,0.6,0.6,0.3,0.4,2.2,0
Collin Sexton\sextoco01,PG,21,CLE,65,3.1,3,1,0.1,2.4,20.8,0
Landry Shamet\shamela01,SG,22,LAC,53,1.9,1.9,0.4,0.2,0.8,9.3,0
Marial Shayok\shayoma01,SG,24,PHI,4,1.8,0.3,0,0.3,0.8,2.8,0
Iman Shumpert\shumpim01,SF,29,BRK,13,2.6,0.9,0.9,0.2,0.8,4.2,0
Pascal Siakam\siakapa01,PF,25,TOR,60,7.3,3.5,1,0.9,2.5,22.9,1
Chris Silva\silvach01,PF,23,MIA,44,2.9,0.5,0.2,0.5,0.7,3,0
Ben Simmons\simmobe01,PG,23,PHI,57,7.8,8,2.1,0.6,3.5,16.4,1
Anfernee Simons\simonan01,SG,20,POR,70,2.2,1.4,0.4,0.1,0.9,8.3,0
Alen Smailagic\smailal01,C,19,GSW,14,1.9,0.9,0.2,0.3,0.8,4.2,0
Marcus Smart\smartma01,SG,25,BOS,60,3.8,4.9,1.7,0.5,1.7,12.9,0
Dennis Smith Jr.\smithde03,PG,22,NYK,34,2.3,2.9,0.8,0.2,1.7,5.5,0
Ish Smith\smithis01,PG,31,WAS,68,3.2,4.9,0.9,0.4,1.4,10.9,0
J.R. Smith\smithjr01,SG,34,LAL,6,0.8,0.5,0.2,0,0.7,2.8,0
Zhaire Smith\smithzh01,SF,20,PHI,7,0.3,0.3,0.4,0,0.3,1.1,0
Tony Snell\snellto01,SF,28,DET,59,1.9,2.2,0.5,0.3,0.5,8,0
Omari Spellman\spellom01,C,22,GSW,49,4.5,1,0.7,0.5,1.1,7.6,0
Max Strus\strusma01,SF,23,CHI,2,0.5,0,0,0,0,2.5,0
Edmond Sumner\sumneed01,SG,24,IND,31,1.5,1.8,0.5,0.3,0.7,4.9,0
Caleb Swanigan\swanica01,PF-C,22,TOT,27,3.7,1.1,0.1,0.3,1.4,2.4,0
Caleb Swanigan\swanica01,C,22,SAC,7,1,0.3,0.1,0.3,0.9,0.7,0
Caleb Swanigan\swanica01,PF,22,POR,20,4.7,1.5,0.1,0.3,1.6,3,0
Jayson Tatum\tatumja01,PF,21,BOS,66,7,3,1.4,0.9,2.3,23.4,1
Jeff Teague\teaguje01,PG,31,TOT,59,2.4,5.2,0.7,0.3,2,10.9,0
Jeff Teague\teaguje01,PG,31,MIN,34,2.6,6.1,0.7,0.4,2.2,13.2,0
Jeff Teague\teaguje01,PG,31,ATL,25,2.2,4,0.8,0.2,1.6,7.7,0
Garrett Temple\templga01,SG,33,BRK,62,3.5,2.5,0.8,0.5,1,10.3,0
Daniel Theis\theisda01,C,27,BOS,65,6.6,1.7,0.6,1.3,0.8,9.2,0
Isaiah Thomas\thomais02,PG,30,WAS,40,1.7,3.7,0.3,0.2,1.9,12.2,0
Khyri Thomas\thomakh01,SG,23,DET,8,0.1,0.4,0.4,0,0.4,2.1,0
Lance Thomas\thomala01,PF,31,BRK,7,1.9,0.9,0,0,0.9,3.4,0
Matt Thomas\thomama02,SG,25,TOR,41,1.5,0.5,0.2,0,0.4,4.9,0
Tristan Thompson\thomptr01,PF,28,CLE,57,10.1,2.1,0.6,0.9,1.8,12,0
Sindarius Thornwell\thornsi01,SF,25,NOP,2,2,2,0.5,0.5,1,8,0
Matisse Thybulle\thybuma01,SG,22,PHI,65,1.6,1.2,1.4,0.7,0.8,4.7,0
Anthony Tolliver\tollian01,PF,34,TOT,55,2.8,0.8,0.3,0.2,0.6,3.6,0
Anthony Tolliver\tollian01,PF,34,POR,33,3.3,0.9,0.2,0.3,0.6,3.9,0
Anthony Tolliver\tollian01,PF,34,SAC,9,1.2,0.3,0.4,0.1,0.4,1,0
Anthony Tolliver\tollian01,PF,34,MEM,13,2.5,0.8,0.5,0.1,0.7,4.8,0
Juan Toscano-Anderson\toscaju01,SG,26,GSW,13,4,2,1,0.4,1.2,5.3,0
Karl-Anthony Towns\townska01,C,24,MIN,35,10.8,4.4,0.9,1.2,3.1,26.5,0
Gary Trent Jr.\trentga02,SF,21,POR,61,1.6,1,0.8,0.3,0.3,8.9,0
Allonzo Trier\trieral01,SG,24,NYK,24,1.2,1.2,0.1,0.2,0.9,6.5,0
P.J. Tucker\tuckepj01,PF,34,HOU,72,6.6,1.6,1.1,0.5,1,6.9,0
Rayjon Tucker\tuckera01,SG,22,UTA,20,1,0.3,0.1,0.1,0.4,3.1,0
Evan Turner\turneev01,SG,31,ATL,19,2,2,0.5,0.4,1.4,3.3,0
Myles Turner\turnemy01,C,23,IND,62,6.6,1.2,0.7,2.1,1.4,12.1,0
Jarrod Uthoff\uthofja01,PF,26,TOT,7,0.9,0,0.1,0,0,2.7,0
Jarrod Uthoff\uthofja01,PF,26,MEM,4,0.3,0,0.3,0,0,1,0
Jarrod Uthoff\uthofja01,PF,26,WAS,3,1.7,0,0,0,0,5,0
Jonas Valančiūnas\valanjo01,C,27,MEM,70,11.3,1.9,0.4,1.1,1.8,14.9,0
Denzel Valentine\valende01,SF,26,CHI,36,2.1,1.2,0.7,0.2,0.7,6.8,0
Jarred Vanderbilt\vandeja01,PF,20,TOT,11,0.8,0.2,0.3,0.1,0.6,1.1,0
Jarred Vanderbilt\vandeja01,PF,20,DEN,9,0.9,0.2,0.3,0.1,0.8,1.1,0
Jarred Vanderbilt\vandeja01,PF,20,MIN,2,0.5,0,0,0,0,1,0
Fred VanVleet\vanvlfr01,SG,25,TOR,54,3.8,6.6,1.9,0.3,2.2,17.6,0
Gabe Vincent\vincega01,PG,23,MIA,9,0.6,0.7,0.6,0,0.1,2.4,0
Noah Vonleh\vonleno01,C,24,TOT,36,3.4,0.8,0.3,0.2,0.6,3.7,0
Noah Vonleh\vonleno01,C,24,MIN,29,4,0.9,0.4,0.2,0.7,4.1,0
Noah Vonleh\vonleno01,C,24,DEN,7,1.1,0.3,0,0,0.3,1.9,0
Nikola Vucevic\vucevni01,C,29,ORL,62,10.9,3.6,0.9,0.8,1.4,19.6,0
Dean Wade\wadede01,PF,23,CLE,12,1.6,0.2,0.2,0.3,0.3,1.7,0
Moritz Wagner\wagnemo01,C,22,WAS,45,4.9,1.2,0.6,0.4,1.5,8.7,0
Dion Waiters\waitedi01,SG,28,TOT,10,2.4,2,0.4,0.6,1.6,11.1,0
Dion Waiters\waitedi01,SG,28,MIA,3,3.7,1,0,0.7,1,9.3,0
Dion Waiters\waitedi01,SG,28,LAL,7,1.9,2.4,0.6,0.6,1.9,11.9,0
Kemba Walker\walkeke02,PG,29,BOS,56,3.9,4.8,0.9,0.5,2.1,20.4,1
Lonnie Walker\walkelo01,SG,21,SAS,61,2.3,1.1,0.5,0.2,0.7,6.4,0
Tyrone Wallace\wallaty01,SG,25,ATL,14,1.6,0.9,0.5,0.1,0.7,2.9,0
Derrick Walton\waltode01,PG,24,TOT,26,0.6,1,0.3,0,0.2,2,0
Derrick Walton\waltode01,PG,24,LAC,23,0.7,1,0.2,0,0.2,2.2,0
Derrick Walton\waltode01,PG,24,DET,3,0.3,1.7,1,0,0.3,1,0
Brad Wanamaker\wanambr01,PG,30,BOS,71,2,2.5,0.9,0.2,1.1,6.9,0
T.J. Warren\warretj01,SF,26,IND,67,4.2,1.5,1.2,0.5,1.3,19.8,0
P.J. Washington\washipj01,PF,21,CHO,58,5.4,2.1,0.9,0.8,1.6,12.2,0
Yuta Watanabe\watanyu01,SF,25,MEM,18,1.1,0.3,0.3,0.1,0.1,2,0
Tremont Waters\watertr01,PG,22,BOS,11,1.1,1.5,0.9,0.2,1.4,3.6,0
Paul Watson\watsopa01,SF,25,TOT,10,1.7,0.8,0.4,0.1,0.3,3.1,0
Paul Watson\watsopa01,SF,25,ATL,2,1,1.5,0.5,0,0,0,0
Paul Watson\watsopa01,SF,25,TOR,8,1.9,0.6,0.4,0.1,0.4,3.9,0
Quinndary Weatherspoon\weathqu01,SG,23,SAS,11,0.6,1,0.3,0.1,0.5,1.1,0
Russell Westbrook\westbru01,PG,31,HOU,57,7.9,7,1.6,0.4,4.5,27.2,1
Coby White\whiteco01,PG,19,CHI,65,3.5,2.7,0.8,0.1,1.7,13.2,0
Derrick White\whitede01,SG,25,SAS,68,3.3,3.5,0.6,0.9,1.3,11.3,0
Hassan Whiteside\whiteha01,C,30,POR,67,13.5,1.2,0.4,2.9,1.8,15.5,0
Andrew Wiggins\wiggian01,SF,24,TOT,54,5.1,3.7,0.8,1,2.4,21.8,0
Andrew Wiggins\wiggian01,SF,24,MIN,42,5.2,3.7,0.7,0.9,2.5,22.4,0
Andrew Wiggins\wiggian01,SF,24,GSW,12,4.6,3.6,1.3,1.4,2.1,19.4,0
Grant Williams\willigr01,PF,21,BOS,69,2.6,1,0.4,0.5,0.7,3.4,0
Johnathan Williams\willijo04,PF,24,WAS,15,4.3,0.5,0.1,0.5,0.3,3,0
Kenrich Williams\willike04,PF,25,NOP,39,4.8,1.5,0.7,0.5,0.6,3.5,0
Lou Williams\willilo02,PG,33,LAC,65,3.1,5.6,0.7,0.2,2.8,18.2,0
Marvin Williams\willima02,PF,33,TOT,58,3.2,1,0.6,0.5,0.6,5.9,0
Marvin Williams\willima02,PF,33,CHO,41,2.7,1,0.6,0.5,0.6,6.7,0
Marvin Williams\willima02,PF,33,MIL,17,4.4,1.1,0.6,0.5,0.5,4,0
Robert Williams\williro04,C,22,BOS,29,4.4,0.9,0.8,1.2,0.7,5.2,0
Nigel Williams-Goss\willini01,PG,25,UTA,10,0.6,0.6,0.3,0.1,0.3,1.4,0
Zion Williamson\willizi01,PF,19,NOP,24,6.3,2.1,0.7,0.4,2.5,22.5,0
D.J. Wilson\wilsodj01,PF,23,MIL,37,2.5,0.7,0.1,0.1,0.5,3.6,0
Justise Winslow\winslju01,SG,23,MIA,11,6.6,4,0.6,0.5,2.2,11.3,0
Christian Wood\woodch01,PF,24,DET,62,6.3,1,0.5,0.9,1.4,13.1,0
Delon Wright\wrighde01,PG,27,DAL,73,3.8,3.3,1.2,0.3,1,6.9,0
Justin Wright-Foreman\wrighju02,PG,22,UTA,4,1.3,1.8,0.5,0,0.8,4.8,0
Thaddeus Young\youngth01,PF,31,CHI,64,4.9,1.8,1.4,0.4,1.6,10.3,0
Trae Young\youngtr01,PG,21,ATL,60,4.3,9.3,1.1,0.1,4.8,29.6,1
Cody Zeller\zelleco01,C,27,CHO,58,7.1,1.5,0.7,0.4,1.3,11.1,0
Tyler Zeller\zellety01,C,30,SAS,2,2,0,0,0,0,1,0
Ante Žižic\zizican01,C,23,CLE,22,3,0.3,0.3,0.2,0.5,4.4,0
Ivica Zubac\zubaciv01,C,22,LAC,72,7.5,1.1,0.2,0.9,0.8,8.3,0
